<?xml version="1.0" encoding="UTF-8"?>
<!DOCTYPE mapper PUBLIC "-//mybatis.org//DTD Mapper 3.0//EN" "http://mybatis.org/dtd/mybatis-3-mapper.dtd">
<mapper namespace="com.github.pig.admin.mapper.SysMenuMapper">

    <!-- 通用查询映射结果 -->
    <resultMap id="BaseResultMap" type="com.github.pig.admin.entity.SysMenu">
        <id column="menu_id" property="menuId" />
        <result column="name" property="name" />
        <result column="permission" property="permission" />
        <result column="url" property="url" />
        <result column="path" property="path" />
        <result column="method" property="method" />
        <result column="parent_id" property="parentId" />
        <result column="icon" property="icon" />
        <result column="component" property="component" />
        <result column="sort" property="sort" />
        <result column="type" property="type" />
        <result column="create_time" property="createTime" />
        <result column="update_time" property="updateTime" />
        <result column="del_flag" property="delFlag" />
    </resultMap>

    <resultMap id="MenuVoResultMap" type="com.github.pig.common.vo.MenuVo">
        <id column="menu_id" property="menuId" />
        <result column="name" property="name" />
        <result column="permission" property="permission" />
        <result column="url" property="url" />
        <result column="method" property="method" />
        <result column="parent_id" property="parentId" />
        <result column="icon" property="icon" />
        <result column="component" property="component" />
        <result column="sort" property="sort" />
        <result column="type" property="type" />
        <result column="create_time" property="createTime" />
        <result column="update_time" property="updateTime" />
        <result column="del_flag" property="delFlag" />
    </resultMap>

    <select id="findMenuByRoleName" resultMap="MenuVoResultMap">
        SELECT
            sys_menu.*
        FROM
        sys_role
        LEFT JOIN sys_role_menu ON sys_role_menu.role_id = sys_role.role_id
        LEFT JOIN sys_menu ON sys_menu.menu_id = sys_role_menu.menu_id
        WHERE
        sys_role.del_flag = 0
        AND sys_menu.del_flag = 0
        AND sys_role.role_code = #{role}
    </select>
</mapper>
