<?xml version="1.0" encoding="UTF-8" ?>
<!DOCTYPE mapper PUBLIC "-//mybatis.org//DTD Mapper 3.0//EN" "http://mybatis.org/dtd/mybatis-3-mapper.dtd" >
<mapper namespace="com.xfdmao.fcat.user.mapper.TDictMapper" >
  <resultMap id="BaseResultMap" type="com.xfdmao.fcat.user.entity.TDict" >
    <!--
      WARNING - @mbggenerated
    -->
    <id column="id" property="id" jdbcType="INTEGER" />
    <result column="ip" property="ip" jdbcType="VARCHAR" />
    <result column="code" property="code" jdbcType="VARCHAR" />
    <result column="name" property="name" jdbcType="VARCHAR" />
    <result column="value" property="value" jdbcType="VARCHAR" />
    <result column="sort" property="sort" jdbcType="INTEGER" />
    <result column="create_time" property="createTime" jdbcType="TIMESTAMP" />
    <result column="update_time" property="updateTime" jdbcType="TIMESTAMP" />
  </resultMap>
</mapper>