<?xml version="1.0" encoding="UTF-8" ?>
<!DOCTYPE mapper PUBLIC "-//mybatis.org//DTD Mapper 3.0//EN" "http://mybatis.org/dtd/mybatis-3-mapper.dtd" >
<mapper namespace="com.xfdmao.fcat.user.mapper.TGroupMapper" >
  <resultMap id="BaseResultMap" type="com.xfdmao.fcat.user.entity.TGroup" >
    <!--
      WARNING - @mbggenerated
    -->
    <id column="id" property="id" jdbcType="INTEGER" />
    <result column="code" property="code" jdbcType="VARCHAR" />
    <result column="name" property="name" jdbcType="VARCHAR" />
    <result column="parent_id" property="parentId" jdbcType="INTEGER" />
    <result column="path" property="path" jdbcType="VARCHAR" />
    <result column="group_type_id" property="groupTypeId" jdbcType="INTEGER" />
    <result column="create_time" property="createTime" jdbcType="TIMESTAMP" />
    <result column="update_time" property="updateTime" jdbcType="TIMESTAMP" />
  </resultMap>
  <select id="getListByGroupTypeId" parameterType="Integer" resultMap="BaseResultMap"
          statementType="PREPARED">
    SELECT a.*
    FROM t_group a WHERE a.group_type_id=#{groupTypeId}
  </select>
  <select id="getListByUsername" parameterType="String" resultMap="BaseResultMap"
          statementType="PREPARED">
    SELECT a.*
    FROM t_group a
    join t_user_group b
    join t_user c
    where a.id = b.group_id
    and c.id = b.user_id
    and c.username = #{username}
  </select>
</mapper>