<?xml version="1.0" encoding="UTF-8" ?>
<!DOCTYPE mapper PUBLIC "-//mybatis.org//DTD Mapper 3.0//EN" "http://mybatis.org/dtd/mybatis-3-mapper.dtd" >
<mapper namespace="com.xfdmao.fcat.user.mapper.TUserLogMapper" >
  <resultMap id="BaseResultMap" type="com.xfdmao.fcat.user.entity.TUserLog" >
    <!--
      WARNING - @mbggenerated
    -->
    <id column="id" property="id" jdbcType="INTEGER" />
    <result column="username" property="username" jdbcType="VARCHAR" />
    <result column="opt_time" property="optTime" jdbcType="TIMESTAMP" />
    <result column="session_id" property="sessionId" jdbcType="VARCHAR" />
    <result column="action" property="action" jdbcType="VARCHAR" />
    <result column="method" property="method" jdbcType="VARCHAR" />
    <result column="create_time" property="createTime" jdbcType="TIMESTAMP" />
  </resultMap>

  <select id="listByPageNewRecord" resultMap="BaseResultMap">
    select * from t_user_log order by opt_time desc
  </select>
</mapper>