<?xml version="1.0" encoding="UTF-8" ?>
<!DOCTYPE mapper PUBLIC "-//mybatis.org//DTD Mapper 3.0//EN" "http://mybatis.org/dtd/mybatis-3-mapper.dtd" >
<mapper namespace="com.xfdmao.fcat.user.mapper.TUserMapper" >
  <resultMap id="BaseResultMap" type="com.xfdmao.fcat.user.entity.TUser" >
    <!--
      WARNING - @mbggenerated
    -->
    <id column="id" property="id" jdbcType="INTEGER" />
    <result column="username" property="username" jdbcType="VARCHAR" />
    <result column="password" property="password" jdbcType="VARCHAR" />
    <result column="name" property="name" jdbcType="VARCHAR" />
    <result column="birthday" property="birthday" jdbcType="VARCHAR" />
    <result column="address" property="address" jdbcType="VARCHAR" />
    <result column="mobile_phone" property="mobilePhone" jdbcType="VARCHAR" />
    <result column="tel_phone" property="telPhone" jdbcType="VARCHAR" />
    <result column="email" property="email" jdbcType="VARCHAR" />
    <result column="sex" property="sex" jdbcType="CHAR" />
    <result column="status" property="status" jdbcType="CHAR" />
    <result column="create_time" property="createTime" jdbcType="TIMESTAMP" />
    <result column="update_time" property="updateTime" jdbcType="TIMESTAMP" />
  </resultMap>

  <select id="getByUsername" parameterType="String" resultMap="BaseResultMap"
          statementType="PREPARED">
    SELECT a.*
    FROM t_user a WHERE a.username=#{username}
  </select>

  <select id="getByKey" parameterType="String" resultMap="BaseResultMap"
          statementType="PREPARED">
    SELECT a.*
    FROM t_user a WHERE UPPER(a.username) like UPPER('%${key}%') || UPPER(a.name) like UPPER('%${key}%')
  </select>

  <select id="getLeadersByGroupId" parameterType="Integer" resultMap="BaseResultMap"
          statementType="PREPARED">
    SELECT b.*
    FROM t_user_group a
    join t_user b on a.user_id = b.id
    WHERE a.group_id = #{groupId} and a.type = 'leader'
  </select>

  <select id="getMembersByGroupId" parameterType="Integer" resultMap="BaseResultMap"
          statementType="PREPARED">
    SELECT b.*
    FROM t_user_group a
    join t_user b on a.user_id = b.id
    WHERE a.group_id = #{groupId} and a.type = 'member'
  </select>

</mapper>